15,-5,-15,-5,-10,5,10,27.5
14.866666666666667,-4.933333333333334,-14.733333333333333,-5.533333333333333,-9.966666666666667,5.066666666666666,9.966666666666667,27.453333333333333
14.733333333333333,-4.866666666666666,-14.466666666666667,-6.066666666666666,-9.933333333333334,5.133333333333334,9.933333333333334,27.406666666666666
14.6,-4.8,-14.2,-6.6,-9.9,5.2,9.9,27.36
14.466666666666667,-4.733333333333333,-13.933333333333334,-7.133333333333333,-9.866666666666667,5.266666666666667,9.866666666666667,27.313333333333333
14.333333333333334,-4.666666666666667,-13.666666666666666,-7.666666666666666,-9.833333333333334,5.333333333333333,9.833333333333334,27.266666666666666
14.2,-4.6,-13.4,-8.2,-9.8,5.4,9.8,27.22
14.066666666666666,-4.533333333333333,-13.133333333333333,-8.733333333333334,-9.766666666666667,5.466666666666667,9.766666666666667,27.173333333333332
13.933333333333334,-4.466666666666667,-12.866666666666667,-9.266666666666666,-9.733333333333333,5.533333333333333,9.733333333333333,27.126666666666665
13.8,-4.4,-12.6,-9.8,-9.7,5.6,9.7,27.08
13.666666666666666,-4.333333333333333,-12.333333333333334,-10.333333333333332,-9.666666666666666,5.666666666666667,9.666666666666666,27.033333333333335
13.533333333333333,-4.266666666666667,-12.066666666666666,-10.866666666666667,-9.633333333333333,5.733333333333333,9.633333333333333,26.986666666666668
13.4,-4.2,-11.8,-11.4,-9.6,5.8,9.6,26.94
13.266666666666666,-4.133333333333333,-11.533333333333333,-11.933333333333334,-9.566666666666666,5.866666666666667,9.566666666666666,26.893333333333334
13.133333333333333,-4.066666666666666,-11.266666666666666,-12.466666666666667,-9.533333333333333,5.933333333333334,9.533333333333333,26.846666666666668
13.0,-4.0,-11.0,-13.0,-9.5,6.0,9.5,26.8
12.866666666666667,-3.9333333333333336,-10.733333333333334,-13.533333333333333,-9.466666666666667,6.066666666666666,9.466666666666667,26.753333333333334
12.733333333333334,-3.8666666666666667,-10.466666666666667,-14.066666666666666,-9.433333333333334,6.133333333333333,9.433333333333334,26.706666666666667
12.6,-3.8,-10.2,-14.6,-9.4,6.2,9.4,26.66
12.466666666666667,-3.7333333333333334,-9.933333333333334,-15.133333333333333,-9.366666666666667,6.266666666666667,9.366666666666667,26.613333333333333
12.333333333333334,-3.666666666666667,-9.666666666666668,-15.666666666666666,-9.333333333333334,6.333333333333333,9.333333333333334,26.566666666666666
12.2,-3.6,-9.4,-16.2,-9.3,6.4,9.3,26.52
12.066666666666666,-3.533333333333333,-9.133333333333333,-16.733333333333334,-9.266666666666667,6.466666666666667,9.266666666666667,26.473333333333333
11.933333333333334,-3.466666666666667,-8.866666666666667,-17.266666666666666,-9.233333333333333,6.533333333333333,9.233333333333334,26.426666666666666
11.8,-3.4,-8.6,-17.8,-9.2,6.6,9.2,26.38
11.666666666666666,-3.333333333333333,-8.333333333333332,-18.333333333333336,-9.166666666666666,6.666666666666667,9.166666666666666,26.333333333333332
11.533333333333333,-3.2666666666666666,-8.066666666666666,-18.866666666666667,-9.133333333333333,6.733333333333333,9.133333333333333,26.286666666666665
11.4,-3.2,-7.8,-19.4,-9.1,6.8,9.1,26.24
11.266666666666666,-3.1333333333333333,-7.533333333333333,-19.933333333333334,-9.066666666666666,6.866666666666667,9.066666666666666,26.193333333333335
11.133333333333333,-3.0666666666666664,-7.266666666666667,-20.46666666666667,-9.033333333333333,6.933333333333334,9.033333333333333,26.14666666666667
11.0,-3.0,-7.0,-21.0,-9.0,7.0,9.0,26.1
10.866666666666667,-2.9333333333333336,-6.733333333333334,-21.53333333333333,-8.966666666666667,7.066666666666666,8.966666666666667,26.053333333333335
10.733333333333334,-2.8666666666666667,-6.466666666666667,-22.066666666666666,-8.933333333333334,7.133333333333333,8.933333333333334,26.006666666666668
10.6,-2.8,-6.199999999999999,-22.6,-8.9,7.2,8.9,25.96
10.466666666666667,-2.7333333333333334,-5.933333333333334,-23.133333333333333,-8.866666666666667,7.266666666666667,8.866666666666667,25.913333333333334
10.333333333333332,-2.6666666666666665,-5.666666666666666,-23.666666666666668,-8.833333333333334,7.333333333333334,8.833333333333334,25.866666666666667
10.2,-2.6,-5.4,-24.2,-8.8,7.4,8.8,25.82
10.066666666666666,-2.533333333333333,-5.133333333333333,-24.733333333333334,-8.766666666666666,7.466666666666667,8.766666666666666,25.773333333333333
9.933333333333334,-2.466666666666667,-4.866666666666667,-25.266666666666666,-8.733333333333334,7.533333333333333,8.733333333333334,25.726666666666667
9.8,-2.4,-4.6,-25.8,-8.7,7.6,8.7,25.68
9.666666666666668,-2.3333333333333335,-4.333333333333334,-26.333333333333332,-8.666666666666666,7.666666666666666,8.666666666666666,25.633333333333333
9.533333333333333,-2.2666666666666666,-4.066666666666666,-26.866666666666667,-8.633333333333333,7.733333333333333,8.633333333333333,25.586666666666666
9.4,-2.2,-3.8000000000000007,-27.4,-8.6,7.8,8.6,25.54
9.266666666666666,-2.1333333333333333,-3.533333333333333,-27.933333333333334,-8.566666666666666,7.866666666666667,8.566666666666666,25.493333333333332
9.133333333333333,-2.066666666666667,-3.2666666666666675,-28.466666666666665,-8.533333333333333,7.933333333333334,8.533333333333333,25.446666666666665
9.0,-2.0,-3.0,-29.0,-8.5,8.0,8.5,25.4
8.866666666666667,-1.9333333333333336,-2.7333333333333343,-29.53333333333333,-8.466666666666667,8.066666666666666,8.466666666666667,25.35333333333333
8.733333333333334,-1.8666666666666667,-2.466666666666667,-30.066666666666666,-8.433333333333334,8.133333333333333,8.433333333333334,25.306666666666665
8.6,-1.7999999999999998,-2.1999999999999993,-30.6,-8.4,8.2,8.4,25.259999999999998
8.466666666666667,-1.7333333333333334,-1.9333333333333336,-31.133333333333333,-8.366666666666667,8.266666666666666,8.366666666666667,25.213333333333335
8.333333333333332,-1.6666666666666665,-1.666666666666666,-31.666666666666668,-8.333333333333334,8.333333333333334,8.333333333333334,25.166666666666668
8.2,-1.6,-1.4000000000000004,-32.2,-8.3,8.4,8.3,25.12
8.066666666666666,-1.5333333333333332,-1.1333333333333329,-32.733333333333334,-8.266666666666666,8.466666666666667,8.266666666666666,25.073333333333334
7.933333333333334,-1.4666666666666668,-0.8666666666666671,-33.266666666666666,-8.233333333333334,8.533333333333333,8.233333333333334,25.026666666666667
7.8,-1.4,-0.5999999999999996,-33.8,-8.2,8.6,8.2,24.98
7.666666666666667,-1.3333333333333335,-0.3333333333333339,-34.33333333333333,-8.166666666666666,8.666666666666666,8.166666666666666,24.933333333333334
7.533333333333333,-1.2666666666666666,-0.06666666666666643,-34.86666666666667,-8.133333333333333,8.733333333333334,8.133333333333333,24.886666666666667
7.4,-1.2000000000000002,0.1999999999999993,-35.4,-8.1,8.8,8.1,24.84
7.266666666666667,-1.1333333333333333,0.4666666666666668,-35.93333333333334,-8.066666666666666,8.866666666666667,8.066666666666666,24.793333333333333
7.133333333333334,-1.0666666666666669,0.7333333333333325,-36.46666666666667,-8.033333333333333,8.933333333333334,8.033333333333333,24.746666666666666
7.0,-1.0,1.0,-37.0,-8.0,9.0,8.0,24.7
6.866666666666667,-0.9333333333333336,1.2666666666666657,-37.53333333333333,-7.966666666666667,9.066666666666666,7.966666666666667,24.653333333333332
6.7333333333333325,-0.8666666666666671,1.5333333333333314,-38.06666666666666,-7.933333333333334,9.133333333333333,7.933333333333334,24.606666666666666
6.6,-0.7999999999999998,1.8000000000000007,-38.6,-7.9,9.2,7.9,24.56
6.466666666666667,-0.7333333333333334,2.0666666666666664,-39.13333333333333,-7.866666666666667,9.266666666666666,7.866666666666667,24.513333333333332
6.333333333333334,-0.666666666666667,2.333333333333332,-39.666666666666664,-7.833333333333334,9.333333333333332,7.833333333333334,24.466666666666665
6.199999999999999,-0.5999999999999996,2.6000000000000014,-40.2,-7.8,9.4,7.8,24.42
6.066666666666666,-0.5333333333333332,2.866666666666667,-40.733333333333334,-7.766666666666667,9.466666666666667,7.766666666666667,24.373333333333335
5.933333333333334,-0.4666666666666668,3.133333333333333,-41.266666666666666,-7.733333333333333,9.533333333333333,7.733333333333333,24.326666666666668
5.800000000000001,-0.40000000000000036,3.3999999999999986,-41.8,-7.7,9.6,7.7,24.28
5.666666666666666,-0.33333333333333304,3.666666666666668,-42.333333333333336,-7.666666666666666,9.666666666666668,7.666666666666666,24.233333333333334
5.533333333333333,-0.2666666666666666,3.9333333333333336,-42.86666666666667,-7.633333333333333,9.733333333333334,7.633333333333333,24.186666666666667
5.4,-0.20000000000000018,4.199999999999999,-43.4,-7.6,9.8,7.6,24.14
5.2666666666666675,-0.13333333333333375,4.466666666666665,-43.93333333333333,-7.566666666666666,9.866666666666667,7.566666666666666,24.093333333333334
5.133333333333333,-0.06666666666666643,4.733333333333334,-44.46666666666667,-7.533333333333333,9.933333333333334,7.533333333333333,24.046666666666667
5.0,0.0,5.0,-45.0,-7.5,10.0,7.5,24.0
5,0,5,-45,-7.5,10,7.5,24
4.933333333333334,0.0,5.133333333333334,-45.0,-7.366666666666666,10.066666666666666,7.466666666666667,23.946666666666665
4.866666666666666,0.0,5.266666666666667,-45.0,-7.233333333333333,10.133333333333333,7.433333333333334,23.893333333333334
4.8,0.0,5.4,-45.0,-7.1,10.2,7.4,23.84
4.733333333333333,0.0,5.533333333333333,-45.0,-6.966666666666667,10.266666666666667,7.366666666666666,23.786666666666665
4.666666666666667,0.0,5.666666666666667,-45.0,-6.833333333333333,10.333333333333334,7.333333333333333,23.733333333333334
4.6,0.0,5.8,-45.0,-6.7,10.4,7.3,23.68
4.533333333333333,0.0,5.933333333333334,-45.0,-6.566666666666666,10.466666666666667,7.266666666666667,23.626666666666665
4.466666666666667,0.0,6.066666666666666,-45.0,-6.433333333333334,10.533333333333333,7.233333333333333,23.573333333333334
4.4,0.0,6.2,-45.0,-6.3,10.6,7.2,23.52
4.333333333333333,0.0,6.333333333333333,-45.0,-6.166666666666667,10.666666666666666,7.166666666666667,23.466666666666665
4.266666666666667,0.0,6.466666666666667,-45.0,-6.033333333333333,10.733333333333333,7.133333333333334,23.413333333333334
4.2,0.0,6.6,-45.0,-5.9,10.8,7.1,23.36
4.133333333333333,0.0,6.733333333333333,-45.0,-5.766666666666667,10.866666666666667,7.066666666666666,23.306666666666665
4.066666666666666,0.0,6.866666666666667,-45.0,-5.633333333333333,10.933333333333334,7.033333333333333,23.253333333333334
4.0,0.0,7.0,-45.0,-5.5,11.0,7.0,23.2
3.9333333333333336,0.0,7.133333333333333,-45.0,-5.366666666666667,11.066666666666666,6.966666666666667,23.14666666666667
3.8666666666666667,0.0,7.266666666666667,-45.0,-5.233333333333333,11.133333333333333,6.933333333333334,23.093333333333334
3.8,0.0,7.4,-45.0,-5.1,11.2,6.9,23.04
3.7333333333333334,0.0,7.533333333333333,-45.0,-4.966666666666667,11.266666666666666,6.866666666666667,22.986666666666668
3.666666666666667,0.0,7.666666666666666,-45.0,-4.833333333333334,11.333333333333334,6.833333333333333,22.933333333333334
3.6,0.0,7.8,-45.0,-4.7,11.4,6.8,22.88
3.533333333333333,0.0,7.933333333333334,-45.0,-4.566666666666666,11.466666666666667,6.766666666666667,22.826666666666668
3.466666666666667,0.0,8.066666666666666,-45.0,-4.433333333333334,11.533333333333333,6.733333333333333,22.773333333333333
3.4,0.0,8.2,-45.0,-4.3,11.6,6.7,22.72
3.333333333333333,0.0,8.333333333333334,-45.0,-4.166666666666666,11.666666666666666,6.666666666666667,22.666666666666668
3.2666666666666666,0.0,8.466666666666667,-45.0,-4.033333333333333,11.733333333333334,6.633333333333333,22.613333333333333
3.2,0.0,8.6,-45.0,-3.9,11.8,6.6,22.56
3.1333333333333333,0.0,8.733333333333334,-45.0,-3.7666666666666666,11.866666666666667,6.566666666666666,22.506666666666668
3.0666666666666664,0.0,8.866666666666667,-45.0,-3.6333333333333333,11.933333333333334,6.533333333333333,22.453333333333333
3.0,0.0,9.0,-45.0,-3.5,12.0,6.5,22.4
2.933333333333333,0.0,9.133333333333333,-45.0,-3.3666666666666663,12.066666666666666,6.466666666666667,22.346666666666668
2.8666666666666667,0.0,9.266666666666666,-45.0,-3.2333333333333334,12.133333333333333,6.433333333333334,22.293333333333333
2.8,0.0,9.4,-45.0,-3.0999999999999996,12.2,6.4,22.24
2.7333333333333334,0.0,9.533333333333333,-45.0,-2.966666666666667,12.266666666666666,6.366666666666667,22.186666666666667
2.6666666666666665,0.0,9.666666666666668,-45.0,-2.833333333333333,12.333333333333334,6.333333333333333,22.133333333333333
2.6,0.0,9.8,-45.0,-2.7,12.4,6.3,22.08
2.533333333333333,0.0,9.933333333333334,-45.0,-2.5666666666666664,12.466666666666667,6.266666666666667,22.026666666666667
2.466666666666667,0.0,10.066666666666666,-45.0,-2.4333333333333336,12.533333333333333,6.233333333333333,21.973333333333333
2.4,0.0,10.2,-45.0,-2.3,12.6,6.2,21.92
2.3333333333333335,0.0,10.333333333333332,-45.0,-2.166666666666667,12.666666666666666,6.166666666666667,21.866666666666667
2.2666666666666666,0.0,10.466666666666667,-45.0,-2.033333333333333,12.733333333333334,6.133333333333333,21.813333333333333
2.2,0.0,10.6,-45.0,-1.9000000000000004,12.8,6.1,21.759999999999998
2.1333333333333333,0.0,10.733333333333334,-45.0,-1.7666666666666666,12.866666666666667,6.066666666666666,21.706666666666667
2.066666666666667,0.0,10.866666666666667,-45.0,-1.6333333333333337,12.933333333333334,6.033333333333333,21.653333333333332
2.0,0.0,11.0,-45.0,-1.5,13.0,6.0,21.6
1.9333333333333331,0.0,11.133333333333333,-45.0,-1.3666666666666663,13.066666666666666,5.966666666666667,21.546666666666667
1.8666666666666667,0.0,11.266666666666666,-45.0,-1.2333333333333334,13.133333333333333,5.933333333333334,21.493333333333332
1.7999999999999998,0.0,11.4,-45.0,-1.0999999999999996,13.2,5.9,21.44
1.7333333333333334,0.0,11.533333333333333,-45.0,-0.9666666666666668,13.266666666666666,5.866666666666667,21.386666666666667
1.6666666666666665,0.0,11.666666666666668,-45.0,-0.833333333333333,13.333333333333334,5.833333333333333,21.333333333333332
1.6,0.0,11.8,-45.0,-0.7000000000000002,13.4,5.8,21.28
1.5333333333333332,0.0,11.933333333333334,-45.0,-0.5666666666666664,13.466666666666667,5.766666666666667,21.226666666666667
1.4666666666666668,0.0,12.066666666666666,-45.0,-0.43333333333333357,13.533333333333333,5.733333333333333,21.173333333333332
1.4,0.0,12.2,-45.0,-0.2999999999999998,13.6,5.7,21.12
1.3333333333333335,0.0,12.333333333333332,-45.0,-0.16666666666666696,13.666666666666666,5.666666666666667,21.066666666666666
1.2666666666666666,0.0,12.466666666666667,-45.0,-0.033333333333333215,13.733333333333334,5.633333333333333,21.013333333333332
1.2000000000000002,0.0,12.6,-45.0,0.09999999999999964,13.8,5.6,20.96
1.1333333333333333,0.0,12.733333333333334,-45.0,0.2333333333333334,13.866666666666667,5.566666666666666,20.906666666666666
1.0666666666666669,0.0,12.866666666666667,-45.0,0.36666666666666625,13.933333333333334,5.533333333333333,20.85333333333333
1.0,0.0,13.0,-45.0,0.5,14.0,5.5,20.8
0.9333333333333336,0.0,13.133333333333333,-45.0,0.6333333333333329,14.066666666666666,5.466666666666667,20.746666666666666
0.8666666666666663,0.0,13.266666666666666,-45.0,0.7666666666666675,14.133333333333333,5.433333333333334,20.69333333333333
0.7999999999999998,0.0,13.4,-45.0,0.9000000000000004,14.2,5.4,20.64
0.7333333333333334,0.0,13.533333333333333,-45.0,1.0333333333333332,14.266666666666666,5.366666666666667,20.586666666666666
0.666666666666667,0.0,13.666666666666666,-45.0,1.166666666666666,14.333333333333332,5.333333333333334,20.53333333333333
0.5999999999999996,0.0,13.8,-45.0,1.3000000000000007,14.4,5.3,20.48
0.5333333333333332,0.0,13.933333333333334,-45.0,1.4333333333333336,14.466666666666667,5.266666666666667,20.426666666666666
0.4666666666666668,0.0,14.066666666666666,-45.0,1.5666666666666664,14.533333333333333,5.233333333333333,20.373333333333335
0.40000000000000036,0.0,14.2,-45.0,1.6999999999999993,14.6,5.2,20.32
0.33333333333333304,0.0,14.333333333333334,-45.0,1.833333333333334,14.666666666666668,5.166666666666666,20.266666666666666
0.2666666666666666,0.0,14.466666666666667,-45.0,1.9666666666666668,14.733333333333334,5.133333333333333,20.21333333333333
0.20000000000000018,0.0,14.6,-45.0,2.0999999999999996,14.8,5.1,20.16
0.13333333333333375,0.0,14.733333333333333,-45.0,2.2333333333333325,14.866666666666667,5.066666666666666,20.106666666666666
0.06666666666666643,0.0,14.866666666666667,-45.0,2.366666666666667,14.933333333333334,5.033333333333333,20.053333333333335
0.0,0.0,15.0,-45.0,2.5,15.0,5.0,20.0
0,0,15,-45,2.5,15,5,20
-0.13333333333333333,-0.03333333333333333,15.333333333333334,-44.733333333333334,2.533333333333333,15.1,4.8,19.933333333333334
-0.26666666666666666,-0.06666666666666667,15.666666666666666,-44.46666666666667,2.566666666666667,15.2,4.6,19.866666666666667
-0.4,-0.1,16.0,-44.2,2.6,15.3,4.4,19.8
-0.5333333333333333,-0.13333333333333333,16.333333333333332,-43.93333333333333,2.6333333333333333,15.4,4.2,19.733333333333334
-0.6666666666666666,-0.16666666666666666,16.666666666666668,-43.666666666666664,2.6666666666666665,15.5,4.0,19.666666666666668
-0.8,-0.2,17.0,-43.4,2.7,15.6,3.8,19.6
-0.9333333333333333,-0.23333333333333334,17.333333333333332,-43.13333333333333,2.7333333333333334,15.7,3.5999999999999996,19.533333333333335
-1.0666666666666667,-0.26666666666666666,17.666666666666668,-42.86666666666667,2.7666666666666666,15.8,3.4,19.466666666666665
-1.2,-0.3,18.0,-42.6,2.8,15.9,3.2,19.4
-1.3333333333333333,-0.3333333333333333,18.333333333333332,-42.333333333333336,2.8333333333333335,16.0,3.0,19.333333333333332
-1.4666666666666666,-0.36666666666666664,18.666666666666668,-42.06666666666667,2.8666666666666667,16.1,2.8,19.266666666666666
-1.6,-0.4,19.0,-41.8,2.9,16.2,2.5999999999999996,19.2
-1.7333333333333334,-0.43333333333333335,19.333333333333332,-41.53333333333333,2.9333333333333336,16.3,2.4,19.133333333333333
-1.8666666666666667,-0.4666666666666667,19.666666666666664,-41.266666666666666,2.966666666666667,16.4,2.1999999999999997,19.066666666666666
-2.0,-0.5,20.0,-41.0,3.0,16.5,2.0,19.0
-2.1333333333333333,-0.5333333333333333,20.333333333333332,-40.733333333333334,3.033333333333333,16.6,1.7999999999999998,18.933333333333334
-2.2666666666666666,-0.5666666666666667,20.666666666666664,-40.46666666666667,3.0666666666666664,16.7,1.5999999999999996,18.866666666666667
-2.4,-0.6,21.0,-40.2,3.1,16.8,1.4,18.8
-2.533333333333333,-0.6333333333333333,21.333333333333332,-39.93333333333334,3.1333333333333333,16.9,1.1999999999999997,18.733333333333334
-2.6666666666666665,-0.6666666666666666,21.666666666666664,-39.666666666666664,3.1666666666666665,17.0,1.0,18.666666666666668
-2.8,-0.7,22.0,-39.4,3.2,17.1,0.7999999999999998,18.6
-2.933333333333333,-0.7333333333333333,22.333333333333332,-39.13333333333333,3.2333333333333334,17.2,0.5999999999999996,18.533333333333335
-3.066666666666667,-0.7666666666666666,22.666666666666664,-38.86666666666667,3.2666666666666666,17.3,0.39999999999999947,18.46666666666667
-3.2,-0.8,23.0,-38.6,3.3,17.4,0.1999999999999993,18.4
-3.3333333333333335,-0.8333333333333334,23.333333333333332,-38.333333333333336,3.3333333333333335,17.5,0.0,18.333333333333332
-3.466666666666667,-0.8666666666666667,23.666666666666664,-38.06666666666666,3.3666666666666667,17.6,-0.20000000000000018,18.266666666666666
-3.6,-0.9,24.0,-37.8,3.4,17.7,-0.40000000000000036,18.2
-3.7333333333333334,-0.9333333333333333,24.333333333333332,-37.53333333333333,3.4333333333333336,17.8,-0.6000000000000005,18.133333333333333
-3.8666666666666667,-0.9666666666666667,24.666666666666664,-37.266666666666666,3.466666666666667,17.9,-0.8000000000000007,18.066666666666666
-4.0,-1.0,25.0,-37.0,3.5,18.0,-1.0,18.0
-4.133333333333334,-1.0333333333333332,25.333333333333332,-36.733333333333334,3.533333333333333,18.1,-1.2000000000000002,17.933333333333334
-4.266666666666667,-1.0666666666666667,25.666666666666664,-36.46666666666667,3.5666666666666664,18.2,-1.4000000000000004,17.866666666666667
-4.4,-1.1,26.0,-36.2,3.6,18.3,-1.6000000000000005,17.8
-4.533333333333333,-1.1333333333333333,26.333333333333332,-35.93333333333334,3.6333333333333333,18.4,-1.8000000000000007,17.733333333333334
-4.666666666666667,-1.1666666666666667,26.666666666666664,-35.666666666666664,3.666666666666667,18.5,-2.0,17.666666666666668
-4.8,-1.2,27.0,-35.4,3.7,18.6,-2.2,17.6
-4.933333333333334,-1.2333333333333334,27.333333333333332,-35.13333333333333,3.7333333333333334,18.7,-2.4000000000000004,17.53333333333333
-5.066666666666666,-1.2666666666666666,27.666666666666664,-34.86666666666667,3.7666666666666666,18.8,-2.6000000000000005,17.46666666666667
-5.2,-1.3,28.0,-34.6,3.8,18.9,-2.8000000000000007,17.4
-5.333333333333333,-1.3333333333333333,28.333333333333332,-34.333333333333336,3.833333333333333,19.0,-3.0,17.333333333333332
-5.466666666666667,-1.3666666666666667,28.666666666666664,-34.06666666666666,3.8666666666666667,19.1,-3.200000000000001,17.266666666666666
-5.6,-1.4,29.0,-33.8,3.9,19.2,-3.4000000000000004,17.2
-5.733333333333333,-1.4333333333333333,29.333333333333332,-33.53333333333333,3.9333333333333336,19.3,-3.5999999999999996,17.133333333333333
-5.866666666666666,-1.4666666666666666,29.666666666666664,-33.266666666666666,3.966666666666667,19.4,-3.8000000000000007,17.066666666666666
-6.0,-1.5,30.0,-33.0,4.0,19.5,-4.0,17.0
-6.133333333333334,-1.5333333333333332,30.333333333333332,-32.733333333333334,4.033333333333333,19.6,-4.200000000000001,16.933333333333334
-6.266666666666667,-1.5666666666666667,30.666666666666664,-32.46666666666667,4.066666666666666,19.7,-4.4,16.866666666666667
-6.4,-1.6,31.0,-32.2,4.1,19.8,-4.600000000000001,16.8
-6.533333333333333,-1.6333333333333333,31.333333333333332,-31.933333333333334,4.133333333333333,19.9,-4.800000000000001,16.733333333333334
-6.666666666666667,-1.6666666666666667,31.666666666666664,-31.666666666666664,4.166666666666667,20.0,-5.0,16.666666666666668
-6.8,-1.7,32.0,-31.4,4.2,20.1,-5.200000000000001,16.6
-6.933333333333334,-1.7333333333333334,32.33333333333333,-31.133333333333333,4.233333333333333,20.2,-5.4,16.53333333333333
-7.066666666666666,-1.7666666666666666,32.666666666666664,-30.866666666666667,4.266666666666667,20.3,-5.600000000000001,16.46666666666667
-7.2,-1.8,33.0,-30.6,4.3,20.4,-5.800000000000001,16.4
-7.333333333333333,-1.8333333333333333,33.33333333333333,-30.333333333333336,4.333333333333333,20.5,-6.0,16.333333333333332
-7.466666666666667,-1.8666666666666667,33.666666666666664,-30.066666666666666,4.366666666666667,20.6,-6.200000000000001,16.266666666666666
-7.6,-1.9,34.0,-29.8,4.4,20.7,-6.4,16.2
-7.733333333333333,-1.9333333333333333,34.33333333333333,-29.53333333333333,4.433333333333334,20.8,-6.600000000000001,16.133333333333333
-7.866666666666666,-1.9666666666666666,34.666666666666664,-29.266666666666666,4.466666666666667,20.9,-6.800000000000001,16.066666666666666
-8.0,-2.0,35.0,-29.0,4.5,21.0,-7.0,16.0
-8.133333333333333,-2.033333333333333,35.33333333333333,-28.733333333333334,4.533333333333333,21.1,-7.200000000000001,15.933333333333334
-8.266666666666667,-2.0666666666666664,35.666666666666664,-28.46666666666667,4.566666666666666,21.2,-7.4,15.866666666666667
-8.4,-2.1,36.0,-28.2,4.6,21.3,-7.600000000000001,15.8
-8.533333333333333,-2.1333333333333333,36.33333333333333,-27.933333333333334,4.633333333333333,21.4,-7.800000000000001,15.733333333333334
-8.666666666666666,-2.1666666666666665,36.666666666666664,-27.666666666666668,4.666666666666666,21.5,-8.0,15.666666666666668
-8.8,-2.2,37.0,-27.4,4.7,21.6,-8.200000000000001,15.6
-8.933333333333334,-2.2333333333333334,37.33333333333333,-27.133333333333333,4.733333333333333,21.7,-8.4,15.533333333333333
-9.066666666666666,-2.2666666666666666,37.666666666666664,-26.866666666666667,4.766666666666667,21.8,-8.600000000000001,15.466666666666667
-9.2,-2.3,38.0,-26.6,4.8,21.9,-8.8,15.4
-9.333333333333334,-2.3333333333333335,38.33333333333333,-26.333333333333332,4.833333333333334,22.0,-9.0,15.333333333333332
-9.466666666666667,-2.3666666666666667,38.666666666666664,-26.066666666666666,4.866666666666667,22.1,-9.200000000000001,15.266666666666666
-9.6,-2.4,39.0,-25.8,4.9,22.2,-9.4,15.2
-9.733333333333333,-2.433333333333333,39.33333333333333,-25.533333333333335,4.933333333333334,22.3,-9.600000000000001,15.133333333333333
-9.866666666666667,-2.466666666666667,39.666666666666664,-25.266666666666666,4.966666666666667,22.4,-9.8,15.066666666666666
-10.0,-2.5,40.0,-25.0,5.0,22.5,-10.0,15.0
-10,-2.5,40,-25,5,22.5,-10,15
-10.066666666666666,-2.533333333333333,39.8,-24.8,5.033333333333333,22.6,-10.066666666666666,14.933333333333334
-10.133333333333333,-2.566666666666667,39.6,-24.6,5.066666666666666,22.7,-10.133333333333333,14.866666666666667
-10.2,-2.6,39.4,-24.4,5.1,22.8,-10.2,14.8
-10.266666666666667,-2.6333333333333333,39.2,-24.2,5.133333333333334,22.9,-10.266666666666667,14.733333333333333
-10.333333333333334,-2.6666666666666665,39.0,-24.0,5.166666666666667,23.0,-10.333333333333334,14.666666666666666
-10.4,-2.7,38.8,-23.8,5.2,23.1,-10.4,14.6
-10.466666666666667,-2.7333333333333334,38.6,-23.6,5.233333333333333,23.2,-10.466666666666667,14.533333333333333
-10.533333333333333,-2.7666666666666666,38.4,-23.4,5.266666666666667,23.3,-10.533333333333333,14.466666666666667
-10.6,-2.8,38.2,-23.2,5.3,23.4,-10.6,14.4
-10.666666666666666,-2.8333333333333335,38.0,-23.0,5.333333333333333,23.5,-10.666666666666666,14.333333333333334
-10.733333333333333,-2.8666666666666667,37.8,-22.8,5.366666666666666,23.6,-10.733333333333333,14.266666666666667
-10.8,-2.9,37.6,-22.6,5.4,23.7,-10.8,14.2
-10.866666666666667,-2.9333333333333336,37.4,-22.4,5.433333333333334,23.8,-10.866666666666667,14.133333333333333
-10.933333333333334,-2.966666666666667,37.2,-22.2,5.466666666666667,23.9,-10.933333333333334,14.066666666666666
-11.0,-3.0,37.0,-22.0,5.5,24.0,-11.0,14.0
-11.066666666666666,-3.033333333333333,36.8,-21.8,5.533333333333333,24.1,-11.066666666666666,13.933333333333334
-11.133333333333333,-3.0666666666666664,36.6,-21.6,5.566666666666666,24.2,-11.133333333333333,13.866666666666667
-11.2,-3.1,36.4,-21.4,5.6,24.3,-11.2,13.8
-11.266666666666666,-3.1333333333333333,36.2,-21.2,5.633333333333333,24.4,-11.266666666666666,13.733333333333334
-11.333333333333334,-3.1666666666666665,36.0,-21.0,5.666666666666667,24.5,-11.333333333333334,13.666666666666666
-11.4,-3.2,35.8,-20.8,5.7,24.6,-11.4,13.6
-11.466666666666667,-3.2333333333333334,35.6,-20.6,5.733333333333333,24.7,-11.466666666666667,13.533333333333333
-11.533333333333333,-3.2666666666666666,35.4,-20.4,5.766666666666667,24.8,-11.533333333333333,13.466666666666667
-11.6,-3.3,35.2,-20.2,5.8,24.9,-11.6,13.4
-11.666666666666666,-3.3333333333333335,35.0,-20.0,5.833333333333333,25.0,-11.666666666666666,13.333333333333334
-11.733333333333334,-3.3666666666666667,34.8,-19.8,5.866666666666667,25.1,-11.733333333333334,13.266666666666666
-11.8,-3.4,34.6,-19.6,5.9,25.2,-11.8,13.2
-11.866666666666667,-3.4333333333333336,34.4,-19.4,5.933333333333334,25.3,-11.866666666666667,13.133333333333333
-11.933333333333334,-3.466666666666667,34.2,-19.2,5.966666666666667,25.4,-11.933333333333334,13.066666666666666
-12.0,-3.5,34.0,-19.0,6.0,25.5,-12.0,13.0
-12.066666666666666,-3.533333333333333,33.8,-18.8,6.033333333333333,25.6,-12.066666666666666,12.933333333333334
-12.133333333333333,-3.5666666666666664,33.6,-18.6,6.066666666666666,25.7,-12.133333333333333,12.866666666666667
-12.2,-3.6,33.4,-18.4,6.1,25.8,-12.2,12.8
-12.266666666666666,-3.6333333333333333,33.2,-18.2,6.133333333333333,25.9,-12.266666666666666,12.733333333333334
-12.333333333333334,-3.666666666666667,33.0,-18.0,6.166666666666667,26.0,-12.333333333333334,12.666666666666666
-12.4,-3.7,32.8,-17.8,6.2,26.1,-12.4,12.6
-12.466666666666667,-3.7333333333333334,32.6,-17.6,6.233333333333333,26.2,-12.466666666666667,12.533333333333333
-12.533333333333333,-3.7666666666666666,32.4,-17.4,6.266666666666667,26.3,-12.533333333333333,12.466666666666667
-12.6,-3.8,32.2,-17.2,6.3,26.4,-12.6,12.4
-12.666666666666666,-3.833333333333333,32.0,-17.0,6.333333333333333,26.5,-12.666666666666666,12.333333333333334
-12.733333333333334,-3.8666666666666667,31.799999999999997,-16.799999999999997,6.366666666666667,26.6,-12.733333333333334,12.266666666666666
-12.8,-3.9,31.6,-16.6,6.4,26.7,-12.8,12.2
-12.866666666666667,-3.9333333333333336,31.4,-16.4,6.433333333333334,26.8,-12.866666666666667,12.133333333333333
-12.933333333333334,-3.966666666666667,31.2,-16.2,6.466666666666667,26.9,-12.933333333333334,12.066666666666666
-13.0,-4.0,31.0,-16.0,6.5,27.0,-13.0,12.0
-13.066666666666666,-4.033333333333333,30.799999999999997,-15.799999999999999,6.533333333333333,27.1,-13.066666666666666,11.933333333333334
-13.133333333333333,-4.066666666666666,30.6,-15.6,6.566666666666666,27.2,-13.133333333333333,11.866666666666667
-13.2,-4.1,30.4,-15.399999999999999,6.6,27.3,-13.2,11.8
-13.266666666666666,-4.133333333333333,30.2,-15.2,6.633333333333333,27.4,-13.266666666666666,11.733333333333334
-13.333333333333334,-4.166666666666667,30.0,-15.0,6.666666666666667,27.5,-13.333333333333334,11.666666666666666
-13.4,-4.2,29.799999999999997,-14.799999999999999,6.7,27.6,-13.4,11.6
-13.466666666666667,-4.233333333333333,29.6,-14.6,6.733333333333333,27.7,-13.466666666666667,11.533333333333333
-13.533333333333333,-4.266666666666667,29.4,-14.399999999999999,6.766666666666667,27.8,-13.533333333333333,11.466666666666667
-13.6,-4.3,29.2,-14.2,6.8,27.9,-13.6,11.4
-13.666666666666666,-4.333333333333333,29.0,-14.0,6.833333333333333,28.0,-13.666666666666666,11.333333333333334
-13.733333333333334,-4.366666666666667,28.799999999999997,-13.799999999999999,6.866666666666667,28.1,-13.733333333333334,11.266666666666666
-13.8,-4.4,28.6,-13.6,6.9,28.2,-13.8,11.2
-13.866666666666667,-4.433333333333334,28.4,-13.399999999999999,6.933333333333334,28.3,-13.866666666666667,11.133333333333333
-13.933333333333334,-4.466666666666667,28.2,-13.2,6.966666666666667,28.4,-13.933333333333334,11.066666666666666
-14.0,-4.5,28.0,-13.0,7.0,28.5,-14.0,11.0
-14.066666666666666,-4.533333333333333,27.799999999999997,-12.799999999999999,7.033333333333333,28.6,-14.066666666666666,10.933333333333334
-14.133333333333333,-4.566666666666666,27.6,-12.6,7.066666666666666,28.7,-14.133333333333333,10.866666666666667
-14.2,-4.6,27.4,-12.399999999999999,7.1,28.8,-14.2,10.8
-14.266666666666666,-4.633333333333333,27.2,-12.2,7.133333333333333,28.9,-14.266666666666666,10.733333333333334
-14.333333333333332,-4.666666666666666,27.0,-12.0,7.166666666666666,29.0,-14.333333333333332,10.666666666666668
-14.4,-4.7,26.799999999999997,-11.799999999999999,7.2,29.1,-14.4,10.6
-14.466666666666667,-4.733333333333333,26.6,-11.6,7.233333333333333,29.2,-14.466666666666667,10.533333333333333
-14.533333333333333,-4.766666666666667,26.4,-11.399999999999999,7.266666666666667,29.3,-14.533333333333333,10.466666666666667
-14.6,-4.8,26.2,-11.2,7.3,29.4,-14.6,10.4
-14.666666666666668,-4.833333333333334,26.0,-11.0,7.333333333333334,29.5,-14.666666666666668,10.333333333333332
-14.733333333333334,-4.866666666666667,25.799999999999997,-10.799999999999999,7.366666666666667,29.6,-14.733333333333334,10.266666666666666
-14.8,-4.9,25.6,-10.6,7.4,29.7,-14.8,10.2
-14.866666666666667,-4.933333333333334,25.4,-10.399999999999999,7.433333333333334,29.8,-14.866666666666667,10.133333333333333
-14.933333333333334,-4.966666666666667,25.2,-10.2,7.466666666666667,29.9,-14.933333333333334,10.066666666666666
-15.0,-5.0,25.0,-10.0,7.5,30.0,-15.0,10.0
-15,-5,25,-10,7.5,30,-15,10
-15.0,-5.0,24.866666666666667,-9.933333333333334,7.533333333333333,29.966666666666665,-14.933333333333334,9.933333333333334
-15.0,-5.0,24.733333333333334,-9.866666666666667,7.566666666666666,29.933333333333334,-14.866666666666667,9.866666666666667
-15.0,-5.0,24.6,-9.8,7.6,29.9,-14.8,9.8
-15.0,-5.0,24.466666666666665,-9.733333333333333,7.633333333333334,29.866666666666667,-14.733333333333333,9.733333333333333
-15.0,-5.0,24.333333333333332,-9.666666666666666,7.666666666666667,29.833333333333332,-14.666666666666666,9.666666666666666
-15.0,-5.0,24.2,-9.6,7.7,29.8,-14.6,9.6
-15.0,-5.0,24.066666666666666,-9.533333333333333,7.733333333333333,29.766666666666666,-14.533333333333333,9.533333333333333
-15.0,-5.0,23.933333333333334,-9.466666666666667,7.766666666666667,29.733333333333334,-14.466666666666667,9.466666666666667
-15.0,-5.0,23.8,-9.4,7.8,29.7,-14.4,9.4
-15.0,-5.0,23.666666666666668,-9.333333333333334,7.833333333333333,29.666666666666668,-14.333333333333334,9.333333333333334
-15.0,-5.0,23.533333333333335,-9.266666666666667,7.866666666666666,29.633333333333333,-14.266666666666667,9.266666666666667
-15.0,-5.0,23.4,-9.2,7.9,29.6,-14.2,9.2
-15.0,-5.0,23.266666666666666,-9.133333333333333,7.933333333333334,29.566666666666666,-14.133333333333333,9.133333333333333
-15.0,-5.0,23.133333333333333,-9.066666666666666,7.966666666666667,29.533333333333335,-14.066666666666666,9.066666666666666
-15.0,-5.0,23.0,-9.0,8.0,29.5,-14.0,9.0
-15.0,-5.0,22.866666666666667,-8.933333333333334,8.033333333333333,29.466666666666665,-13.933333333333334,8.933333333333334
-15.0,-5.0,22.733333333333334,-8.866666666666667,8.066666666666666,29.433333333333334,-13.866666666666667,8.866666666666667
-15.0,-5.0,22.6,-8.8,8.1,29.4,-13.8,8.8
-15.0,-5.0,22.46666666666667,-8.733333333333334,8.133333333333333,29.366666666666667,-13.733333333333334,8.733333333333334
-15.0,-5.0,22.333333333333332,-8.666666666666666,8.166666666666666,29.333333333333332,-13.666666666666666,8.666666666666666
-15.0,-5.0,22.2,-8.6,8.2,29.3,-13.6,8.6
-15.0,-5.0,22.066666666666666,-8.533333333333333,8.233333333333333,29.266666666666666,-13.533333333333333,8.533333333333333
-15.0,-5.0,21.933333333333334,-8.466666666666667,8.266666666666667,29.233333333333334,-13.466666666666667,8.466666666666667
-15.0,-5.0,21.8,-8.4,8.3,29.2,-13.4,8.4
-15.0,-5.0,21.666666666666668,-8.333333333333334,8.333333333333334,29.166666666666668,-13.333333333333334,8.333333333333334
-15.0,-5.0,21.53333333333333,-8.266666666666666,8.366666666666667,29.133333333333333,-13.266666666666666,8.266666666666666
-15.0,-5.0,21.4,-8.2,8.4,29.1,-13.2,8.2
-15.0,-5.0,21.266666666666666,-8.133333333333333,8.433333333333334,29.066666666666666,-13.133333333333333,8.133333333333333
-15.0,-5.0,21.133333333333333,-8.066666666666666,8.466666666666667,29.033333333333335,-13.066666666666666,8.066666666666666
-15.0,-5.0,21.0,-8.0,8.5,29.0,-13.0,8.0
-15.0,-5.0,20.866666666666667,-7.933333333333334,8.533333333333333,28.96666666666667,-12.933333333333334,7.933333333333334
-15.0,-5.0,20.733333333333334,-7.866666666666667,8.566666666666666,28.933333333333334,-12.866666666666667,7.866666666666667
-15.0,-5.0,20.6,-7.8,8.6,28.9,-12.8,7.8
-15.0,-5.0,20.46666666666667,-7.733333333333333,8.633333333333333,28.866666666666667,-12.733333333333334,7.733333333333333
-15.0,-5.0,20.333333333333332,-7.666666666666666,8.666666666666666,28.833333333333332,-12.666666666666666,7.666666666666666
-15.0,-5.0,20.2,-7.6,8.7,28.8,-12.6,7.6
-15.0,-5.0,20.066666666666666,-7.533333333333333,8.733333333333334,28.766666666666666,-12.533333333333333,7.533333333333333
-15.0,-5.0,19.933333333333334,-7.466666666666667,8.766666666666666,28.733333333333334,-12.466666666666667,7.466666666666667
-15.0,-5.0,19.8,-7.4,8.8,28.7,-12.4,7.4
-15.0,-5.0,19.666666666666668,-7.333333333333334,8.833333333333334,28.666666666666668,-12.333333333333334,7.333333333333334
-15.0,-5.0,19.53333333333333,-7.266666666666667,8.866666666666667,28.633333333333333,-12.266666666666666,7.266666666666667
-15.0,-5.0,19.4,-7.2,8.9,28.6,-12.2,7.2
-15.0,-5.0,19.266666666666666,-7.133333333333333,8.933333333333334,28.566666666666666,-12.133333333333333,7.133333333333333
-15.0,-5.0,19.133333333333333,-7.066666666666666,8.966666666666667,28.533333333333335,-12.066666666666666,7.066666666666666
-15.0,-5.0,19.0,-7.0,9.0,28.5,-12.0,7.0
-15.0,-5.0,18.866666666666667,-6.933333333333334,9.033333333333333,28.46666666666667,-11.933333333333334,6.933333333333334
-15.0,-5.0,18.733333333333334,-6.866666666666667,9.066666666666666,28.433333333333334,-11.866666666666667,6.866666666666667
-15.0,-5.0,18.6,-6.8,9.1,28.4,-11.8,6.8
-15.0,-5.0,18.46666666666667,-6.733333333333333,9.133333333333333,28.366666666666667,-11.733333333333334,6.733333333333333
-15.0,-5.0,18.333333333333332,-6.666666666666666,9.166666666666666,28.333333333333332,-11.666666666666666,6.666666666666666
-15.0,-5.0,18.2,-6.6,9.2,28.3,-11.6,6.6
-15.0,-5.0,18.066666666666666,-6.533333333333333,9.233333333333334,28.266666666666666,-11.533333333333333,6.533333333333333
-15.0,-5.0,17.933333333333334,-6.466666666666667,9.266666666666666,28.233333333333334,-11.466666666666667,6.466666666666667
-15.0,-5.0,17.8,-6.4,9.3,28.2,-11.4,6.4
-15.0,-5.0,17.666666666666668,-6.333333333333334,9.333333333333334,28.166666666666668,-11.333333333333334,6.333333333333334
-15.0,-5.0,17.53333333333333,-6.266666666666667,9.366666666666667,28.133333333333333,-11.266666666666666,6.266666666666667
-15.0,-5.0,17.4,-6.2,9.4,28.1,-11.2,6.2
-15.0,-5.0,17.266666666666666,-6.133333333333333,9.433333333333334,28.066666666666666,-11.133333333333333,6.133333333333333
-15.0,-5.0,17.133333333333333,-6.066666666666666,9.466666666666667,28.033333333333335,-11.066666666666666,6.066666666666666
-15.0,-5.0,17.0,-6.0,9.5,28.0,-11.0,6.0
-15.0,-5.0,16.866666666666667,-5.933333333333334,9.533333333333333,27.96666666666667,-10.933333333333334,5.933333333333334
-15.0,-5.0,16.733333333333334,-5.866666666666667,9.566666666666666,27.933333333333334,-10.866666666666667,5.866666666666667
-15.0,-5.0,16.6,-5.8,9.6,27.9,-10.8,5.8
-15.0,-5.0,16.46666666666667,-5.733333333333333,9.633333333333333,27.866666666666667,-10.733333333333334,5.733333333333333
-15.0,-5.0,16.333333333333336,-5.666666666666667,9.666666666666666,27.833333333333332,-10.666666666666668,5.666666666666667
-15.0,-5.0,16.2,-5.6,9.7,27.8,-10.6,5.6
-15.0,-5.0,16.066666666666666,-5.533333333333333,9.733333333333334,27.766666666666666,-10.533333333333333,5.533333333333333
-15.0,-5.0,15.933333333333334,-5.466666666666667,9.766666666666666,27.733333333333334,-10.466666666666667,5.466666666666667
-15.0,-5.0,15.8,-5.4,9.8,27.7,-10.4,5.4
-15.0,-5.0,15.666666666666666,-5.333333333333333,9.833333333333334,27.666666666666668,-10.333333333333332,5.333333333333333
-15.0,-5.0,15.533333333333333,-5.266666666666667,9.866666666666667,27.633333333333333,-10.266666666666666,5.266666666666667
-15.0,-5.0,15.4,-5.2,9.9,27.6,-10.2,5.2
-15.0,-5.0,15.266666666666667,-5.133333333333334,9.933333333333334,27.566666666666666,-10.133333333333333,5.133333333333334
-15.0,-5.0,15.133333333333333,-5.066666666666666,9.966666666666667,27.53333333333333,-10.066666666666666,5.066666666666666
-15.0,-5.0,15.0,-5.0,10.0,27.5,-10.0,5.0
-15,-5,15,-5,10,27.5,-10,5
-14.733333333333333,-5.533333333333333,14.866666666666667,-4.933333333333334,9.866666666666667,27.466666666666665,-9.966666666666667,5.033333333333333
-14.466666666666667,-6.066666666666666,14.733333333333333,-4.866666666666666,9.733333333333333,27.433333333333334,-9.933333333333334,5.066666666666666
-14.2,-6.6,14.6,-4.8,9.6,27.4,-9.9,5.1
-13.933333333333334,-7.133333333333333,14.466666666666667,-4.733333333333333,9.466666666666667,27.366666666666667,-9.866666666666667,5.133333333333334
-13.666666666666666,-7.666666666666666,14.333333333333334,-4.666666666666667,9.333333333333334,27.333333333333332,-9.833333333333334,5.166666666666667
-13.4,-8.2,14.2,-4.6,9.2,27.3,-9.8,5.2
-13.133333333333333,-8.733333333333334,14.066666666666666,-4.533333333333333,9.066666666666666,27.266666666666666,-9.766666666666667,5.233333333333333
-12.866666666666667,-9.266666666666666,13.933333333333334,-4.466666666666667,8.933333333333334,27.233333333333334,-9.733333333333333,5.266666666666667
-12.6,-9.8,13.8,-4.4,8.8,27.2,-9.7,5.3
-12.333333333333334,-10.333333333333332,13.666666666666666,-4.333333333333333,8.666666666666666,27.166666666666668,-9.666666666666666,5.333333333333333
-12.066666666666666,-10.866666666666667,13.533333333333333,-4.266666666666667,8.533333333333333,27.133333333333333,-9.633333333333333,5.366666666666666
-11.8,-11.4,13.4,-4.2,8.4,27.1,-9.6,5.4
-11.533333333333333,-11.933333333333334,13.266666666666666,-4.133333333333333,8.266666666666666,27.066666666666666,-9.566666666666666,5.433333333333334
-11.266666666666666,-12.466666666666667,13.133333333333333,-4.066666666666666,8.133333333333333,27.033333333333335,-9.533333333333333,5.466666666666667
-11.0,-13.0,13.0,-4.0,8.0,27.0,-9.5,5.5
-10.733333333333334,-13.533333333333333,12.866666666666667,-3.9333333333333336,7.866666666666667,26.966666666666665,-9.466666666666667,5.533333333333333
-10.466666666666667,-14.066666666666666,12.733333333333334,-3.8666666666666667,7.733333333333333,26.933333333333334,-9.433333333333334,5.566666666666666
-10.2,-14.6,12.6,-3.8,7.6,26.9,-9.4,5.6
-9.933333333333334,-15.133333333333333,12.466666666666667,-3.7333333333333334,7.466666666666667,26.866666666666667,-9.366666666666667,5.633333333333333
-9.666666666666668,-15.666666666666666,12.333333333333334,-3.666666666666667,7.333333333333334,26.833333333333332,-9.333333333333334,5.666666666666667
-9.4,-16.2,12.2,-3.6,7.2,26.8,-9.3,5.7
-9.133333333333333,-16.733333333333334,12.066666666666666,-3.533333333333333,7.066666666666666,26.766666666666666,-9.266666666666667,5.733333333333333
-8.866666666666667,-17.266666666666666,11.933333333333334,-3.466666666666667,6.933333333333334,26.733333333333334,-9.233333333333334,5.766666666666667
-8.6,-17.8,11.8,-3.4,6.8,26.7,-9.2,5.8
-8.333333333333332,-18.333333333333336,11.666666666666666,-3.333333333333333,6.666666666666666,26.666666666666668,-9.166666666666666,5.833333333333333
-8.066666666666666,-18.866666666666667,11.533333333333333,-3.2666666666666666,6.533333333333333,26.633333333333333,-9.133333333333333,5.866666666666667
-7.8,-19.4,11.4,-3.2,6.4,26.6,-9.1,5.9
-7.533333333333333,-19.933333333333334,11.266666666666666,-3.1333333333333333,6.266666666666667,26.566666666666666,-9.066666666666666,5.933333333333334
-7.266666666666667,-20.46666666666667,11.133333333333333,-3.0666666666666664,6.133333333333333,26.533333333333335,-9.033333333333333,5.966666666666667
-7.0,-21.0,11.0,-3.0,6.0,26.5,-9.0,6.0
-6.7333333333333325,-21.53333333333333,10.866666666666667,-2.9333333333333336,5.866666666666666,26.46666666666667,-8.966666666666667,6.033333333333333
-6.466666666666667,-22.066666666666666,10.733333333333334,-2.8666666666666667,5.733333333333333,26.433333333333334,-8.933333333333334,6.066666666666666
-6.199999999999999,-22.6,10.6,-2.8,5.6,26.4,-8.9,6.1
-5.933333333333334,-23.133333333333333,10.466666666666667,-2.7333333333333334,5.466666666666667,26.366666666666667,-8.866666666666667,6.133333333333333
-5.666666666666666,-23.666666666666668,10.333333333333332,-2.6666666666666665,5.333333333333333,26.333333333333332,-8.833333333333334,6.166666666666667
-5.4,-24.2,10.2,-2.6,5.2,26.3,-8.8,6.2
-5.133333333333333,-24.733333333333334,10.066666666666666,-2.533333333333333,5.066666666666666,26.266666666666666,-8.766666666666666,6.233333333333333
-4.866666666666667,-25.266666666666666,9.933333333333334,-2.466666666666667,4.933333333333334,26.233333333333334,-8.733333333333334,6.266666666666667
-4.6,-25.8,9.8,-2.4,4.8,26.2,-8.7,6.3
-4.333333333333334,-26.333333333333332,9.666666666666668,-2.3333333333333335,4.666666666666667,26.166666666666668,-8.666666666666666,6.333333333333333
-4.066666666666666,-26.866666666666667,9.533333333333333,-2.2666666666666666,4.533333333333333,26.133333333333333,-8.633333333333333,6.366666666666667
-3.8000000000000007,-27.4,9.4,-2.2,4.4,26.1,-8.6,6.4
-3.533333333333333,-27.933333333333334,9.266666666666666,-2.1333333333333333,4.266666666666667,26.066666666666666,-8.566666666666666,6.433333333333334
-3.2666666666666675,-28.466666666666665,9.133333333333333,-2.066666666666667,4.133333333333334,26.033333333333335,-8.533333333333333,6.466666666666667
-3.0,-29.0,9.0,-2.0,4.0,26.0,-8.5,6.5
-2.7333333333333325,-29.53333333333333,8.866666666666667,-1.9333333333333336,3.8666666666666663,25.96666666666667,-8.466666666666667,6.533333333333333
-2.466666666666667,-30.066666666666666,8.733333333333334,-1.8666666666666667,3.7333333333333334,25.933333333333334,-8.433333333333334,6.566666666666666
-2.1999999999999993,-30.6,8.6,-1.7999999999999998,3.5999999999999996,25.9,-8.4,6.6
-1.9333333333333336,-31.133333333333333,8.466666666666667,-1.7333333333333334,3.466666666666667,25.866666666666667,-8.366666666666667,6.633333333333333
-1.666666666666666,-31.666666666666668,8.333333333333332,-1.6666666666666665,3.333333333333333,25.833333333333332,-8.333333333333334,6.666666666666667
-1.4000000000000004,-32.2,8.2,-1.6,3.2,25.8,-8.3,6.7
-1.1333333333333329,-32.733333333333334,8.066666666666666,-1.5333333333333332,3.0666666666666664,25.766666666666666,-8.266666666666666,6.733333333333333
-0.8666666666666671,-33.266666666666666,7.933333333333334,-1.4666666666666668,2.9333333333333336,25.733333333333334,-8.233333333333334,6.766666666666667
-0.5999999999999996,-33.8,7.8,-1.4,2.8,25.7,-8.2,6.8
-0.3333333333333339,-34.33333333333333,7.666666666666667,-1.3333333333333335,2.666666666666667,25.666666666666668,-8.166666666666666,6.833333333333333
-0.06666666666666643,-34.86666666666667,7.533333333333333,-1.2666666666666666,2.533333333333333,25.633333333333333,-8.133333333333333,6.866666666666667
0.1999999999999993,-35.4,7.4,-1.2000000000000002,2.4000000000000004,25.6,-8.1,6.9
0.4666666666666668,-35.93333333333334,7.266666666666667,-1.1333333333333333,2.2666666666666666,25.566666666666666,-8.066666666666666,6.933333333333334
0.7333333333333325,-36.46666666666667,7.133333333333334,-1.0666666666666669,2.1333333333333337,25.533333333333335,-8.033333333333333,6.966666666666667
1.0,-37.0,7.0,-1.0,2.0,25.5,-8.0,7.0
1.2666666666666657,-37.53333333333333,6.866666666666667,-0.9333333333333336,1.8666666666666671,25.46666666666667,-7.966666666666667,7.033333333333333
1.533333333333335,-38.06666666666666,6.733333333333334,-0.8666666666666671,1.7333333333333325,25.433333333333334,-7.933333333333334,7.066666666666666
1.8000000000000007,-38.6,6.6,-0.7999999999999998,1.5999999999999996,25.4,-7.9,7.1
2.0666666666666664,-39.13333333333333,6.466666666666667,-0.7333333333333334,1.4666666666666668,25.366666666666667,-7.866666666666667,7.133333333333333
2.333333333333332,-39.666666666666664,6.333333333333334,-0.666666666666667,1.333333333333334,25.333333333333332,-7.833333333333334,7.166666666666666
2.6000000000000014,-40.2,6.199999999999999,-0.5999999999999996,1.1999999999999993,25.3,-7.8,7.2
2.866666666666667,-40.733333333333334,6.066666666666666,-0.5333333333333332,1.0666666666666664,25.266666666666666,-7.766666666666667,7.233333333333333
3.133333333333333,-41.266666666666666,5.933333333333334,-0.4666666666666668,0.9333333333333336,25.233333333333334,-7.733333333333333,7.266666666666667
3.3999999999999986,-41.8,5.800000000000001,-0.40000000000000036,0.8000000000000007,25.2,-7.7,7.3
3.666666666666668,-42.333333333333336,5.666666666666666,-0.33333333333333304,0.6666666666666661,25.166666666666668,-7.666666666666666,7.333333333333334
3.9333333333333336,-42.86666666666667,5.533333333333333,-0.2666666666666666,0.5333333333333332,25.133333333333333,-7.633333333333333,7.366666666666667
4.199999999999999,-43.4,5.4,-0.20000000000000018,0.40000000000000036,25.1,-7.6,7.4
4.466666666666665,-43.93333333333333,5.2666666666666675,-0.13333333333333375,0.2666666666666675,25.066666666666666,-7.566666666666666,7.433333333333334
4.733333333333334,-44.46666666666667,5.133333333333333,-0.06666666666666643,0.13333333333333286,25.03333333333333,-7.533333333333333,7.466666666666667
5.0,-45.0,5.0,0.0,0.0,25.0,-7.5,7.5
5,-45,5,0,0,25,-7.5,7.5
5.133333333333334,-45.0,4.933333333333334,0.0,0.06666666666666667,24.933333333333334,-7.366666666666666,7.6
5.266666666666667,-45.0,4.866666666666666,0.0,0.13333333333333333,24.866666666666667,-7.233333333333333,7.7
5.4,-45.0,4.8,0.0,0.2,24.8,-7.1,7.8
5.533333333333333,-45.0,4.733333333333333,0.0,0.26666666666666666,24.733333333333334,-6.966666666666667,7.9
5.666666666666667,-45.0,4.666666666666667,0.0,0.3333333333333333,24.666666666666668,-6.833333333333333,8.0
5.8,-45.0,4.6,0.0,0.4,24.6,-6.7,8.1
5.933333333333334,-45.0,4.533333333333333,0.0,0.4666666666666667,24.533333333333335,-6.566666666666666,8.2
6.066666666666666,-45.0,4.466666666666667,0.0,0.5333333333333333,24.466666666666665,-6.433333333333334,8.3
6.2,-45.0,4.4,0.0,0.6,24.4,-6.3,8.4
6.333333333333333,-45.0,4.333333333333333,0.0,0.6666666666666666,24.333333333333332,-6.166666666666667,8.5
6.466666666666667,-45.0,4.266666666666667,0.0,0.7333333333333333,24.266666666666666,-6.033333333333333,8.6
6.6,-45.0,4.2,0.0,0.8,24.2,-5.9,8.7
6.733333333333333,-45.0,4.133333333333333,0.0,0.8666666666666667,24.133333333333333,-5.766666666666667,8.8
6.866666666666667,-45.0,4.066666666666666,0.0,0.9333333333333333,24.066666666666666,-5.633333333333333,8.9
7.0,-45.0,4.0,0.0,1.0,24.0,-5.5,9.0
7.133333333333333,-45.0,3.9333333333333336,0.0,1.0666666666666667,23.933333333333334,-5.366666666666667,9.1
7.266666666666667,-45.0,3.8666666666666667,0.0,1.1333333333333333,23.866666666666667,-5.233333333333333,9.2
7.4,-45.0,3.8,0.0,1.2,23.8,-5.1,9.3
7.533333333333333,-45.0,3.7333333333333334,0.0,1.2666666666666666,23.733333333333334,-4.966666666666667,9.4
7.666666666666666,-45.0,3.666666666666667,0.0,1.3333333333333333,23.666666666666668,-4.833333333333334,9.5
7.8,-45.0,3.6,0.0,1.4,23.6,-4.7,9.6
7.933333333333334,-45.0,3.533333333333333,0.0,1.4666666666666666,23.533333333333335,-4.566666666666666,9.7
8.066666666666666,-45.0,3.466666666666667,0.0,1.5333333333333334,23.46666666666667,-4.433333333333334,9.8
8.2,-45.0,3.4,0.0,1.6,23.4,-4.3,9.9
8.333333333333334,-45.0,3.333333333333333,0.0,1.6666666666666667,23.333333333333332,-4.166666666666666,10.0
8.466666666666667,-45.0,3.2666666666666666,0.0,1.7333333333333334,23.266666666666666,-4.033333333333333,10.1
8.6,-45.0,3.2,0.0,1.8,23.2,-3.9,10.2
8.733333333333334,-45.0,3.1333333333333333,0.0,1.8666666666666667,23.133333333333333,-3.7666666666666666,10.3
8.866666666666667,-45.0,3.0666666666666664,0.0,1.9333333333333333,23.066666666666666,-3.6333333333333333,10.4
9.0,-45.0,3.0,0.0,2.0,23.0,-3.5,10.5
9.133333333333333,-45.0,2.9333333333333336,0.0,2.066666666666667,22.933333333333334,-3.366666666666667,10.6
9.266666666666666,-45.0,2.8666666666666667,0.0,2.1333333333333333,22.866666666666667,-3.2333333333333334,10.7
9.4,-45.0,2.8,0.0,2.2,22.8,-3.0999999999999996,10.8
9.533333333333333,-45.0,2.7333333333333334,0.0,2.2666666666666666,22.733333333333334,-2.966666666666667,10.9
9.666666666666668,-45.0,2.6666666666666665,0.0,2.3333333333333335,22.666666666666668,-2.833333333333333,11.0
9.8,-45.0,2.6,0.0,2.4,22.6,-2.7,11.1
9.933333333333334,-45.0,2.533333333333333,0.0,2.466666666666667,22.53333333333333,-2.5666666666666664,11.2
10.066666666666666,-45.0,2.466666666666667,0.0,2.533333333333333,22.46666666666667,-2.4333333333333336,11.3
10.2,-45.0,2.4,0.0,2.6,22.4,-2.3,11.4
10.333333333333332,-45.0,2.3333333333333335,0.0,2.6666666666666665,22.333333333333332,-2.166666666666667,11.5
10.466666666666667,-45.0,2.2666666666666666,0.0,2.7333333333333334,22.266666666666666,-2.033333333333333,11.600000000000001
10.6,-45.0,2.2,0.0,2.8,22.2,-1.9000000000000004,11.7
10.733333333333334,-45.0,2.1333333333333333,0.0,2.8666666666666667,22.133333333333333,-1.7666666666666666,11.8
10.866666666666667,-45.0,2.066666666666667,0.0,2.933333333333333,22.066666666666666,-1.6333333333333337,11.9
11.0,-45.0,2.0,0.0,3.0,22.0,-1.5,12.0
11.133333333333333,-45.0,1.9333333333333336,0.0,3.066666666666667,21.933333333333334,-1.3666666666666671,12.100000000000001
11.266666666666666,-45.0,1.8666666666666667,0.0,3.1333333333333333,21.866666666666667,-1.2333333333333334,12.2
11.4,-45.0,1.7999999999999998,0.0,3.2,21.8,-1.0999999999999996,12.3
11.533333333333333,-45.0,1.7333333333333334,0.0,3.2666666666666666,21.733333333333334,-0.9666666666666668,12.4
11.666666666666668,-45.0,1.6666666666666665,0.0,3.3333333333333335,21.666666666666668,-0.833333333333333,12.5
11.8,-45.0,1.6,0.0,3.4,21.6,-0.7000000000000002,12.600000000000001
11.933333333333334,-45.0,1.5333333333333332,0.0,3.466666666666667,21.53333333333333,-0.5666666666666664,12.7
12.066666666666666,-45.0,1.4666666666666668,0.0,3.533333333333333,21.46666666666667,-0.43333333333333357,12.8
12.2,-45.0,1.4,0.0,3.6,21.4,-0.2999999999999998,12.9
12.333333333333332,-45.0,1.3333333333333335,0.0,3.6666666666666665,21.333333333333332,-0.16666666666666696,13.0
12.466666666666667,-45.0,1.2666666666666666,0.0,3.7333333333333334,21.266666666666666,-0.033333333333333215,13.100000000000001
12.6,-45.0,1.2000000000000002,0.0,3.8,21.2,0.09999999999999964,13.2
12.733333333333334,-45.0,1.1333333333333333,0.0,3.8666666666666667,21.133333333333333,0.2333333333333334,13.3
12.866666666666667,-45.0,1.0666666666666669,0.0,3.933333333333333,21.066666666666666,0.36666666666666625,13.4
13.0,-45.0,1.0,0.0,4.0,21.0,0.5,13.5
13.133333333333333,-45.0,0.9333333333333336,0.0,4.066666666666666,20.933333333333334,0.6333333333333329,13.600000000000001
13.266666666666667,-45.0,0.8666666666666671,0.0,4.133333333333334,20.866666666666667,0.7666666666666657,13.7
13.4,-45.0,0.7999999999999998,0.0,4.2,20.8,0.9000000000000004,13.8
13.533333333333333,-45.0,0.7333333333333334,0.0,4.266666666666667,20.733333333333334,1.0333333333333332,13.9
13.666666666666666,-45.0,0.666666666666667,0.0,4.333333333333333,20.666666666666668,1.166666666666666,14.0
13.8,-45.0,0.5999999999999996,0.0,4.4,20.6,1.3000000000000007,14.100000000000001
13.933333333333334,-45.0,0.5333333333333332,0.0,4.466666666666667,20.53333333333333,1.4333333333333336,14.2
14.066666666666666,-45.0,0.4666666666666668,0.0,4.533333333333333,20.46666666666667,1.5666666666666664,14.3
14.2,-45.0,0.40000000000000036,0.0,4.6,20.4,1.6999999999999993,14.4
14.333333333333334,-45.0,0.33333333333333304,0.0,4.666666666666667,20.333333333333332,1.833333333333334,14.5
14.466666666666667,-45.0,0.2666666666666666,0.0,4.733333333333333,20.266666666666666,1.9666666666666668,14.600000000000001
14.6,-45.0,0.20000000000000018,0.0,4.8,20.2,2.0999999999999996,14.7
14.733333333333333,-45.0,0.13333333333333375,0.0,4.866666666666666,20.133333333333333,2.2333333333333325,14.8
14.866666666666667,-45.0,0.06666666666666643,0.0,4.933333333333334,20.066666666666666,2.366666666666667,14.9
15.0,-45.0,0.0,0.0,5.0,20.0,2.5,15.0
15,-45,0,0,5,20,2.5,15
15.333333333333334,-44.733333333333334,-0.13333333333333333,-0.03333333333333333,4.8,19.933333333333334,2.533333333333333,15.1
15.666666666666666,-44.46666666666667,-0.26666666666666666,-0.06666666666666667,4.6,19.866666666666667,2.566666666666667,15.2
16.0,-44.2,-0.4,-0.1,4.4,19.8,2.6,15.3
16.333333333333332,-43.93333333333333,-0.5333333333333333,-0.13333333333333333,4.2,19.733333333333334,2.6333333333333333,15.4
16.666666666666668,-43.666666666666664,-0.6666666666666666,-0.16666666666666666,4.0,19.666666666666668,2.6666666666666665,15.5
17.0,-43.4,-0.8,-0.2,3.8,19.6,2.7,15.6
17.333333333333332,-43.13333333333333,-0.9333333333333333,-0.23333333333333334,3.6,19.533333333333335,2.7333333333333334,15.7
17.666666666666668,-42.86666666666667,-1.0666666666666667,-0.26666666666666666,3.4,19.466666666666665,2.7666666666666666,15.8
18.0,-42.6,-1.2,-0.3,3.2,19.4,2.8,15.9
18.333333333333332,-42.333333333333336,-1.3333333333333333,-0.3333333333333333,3.0,19.333333333333332,2.8333333333333335,16.0
18.666666666666668,-42.06666666666667,-1.4666666666666666,-0.36666666666666664,2.8,19.266666666666666,2.8666666666666667,16.1
19.0,-41.8,-1.6,-0.4,2.6,19.2,2.9,16.2
19.333333333333332,-41.53333333333333,-1.7333333333333334,-0.43333333333333335,2.4,19.133333333333333,2.9333333333333336,16.3
19.666666666666668,-41.266666666666666,-1.8666666666666667,-0.4666666666666667,2.2,19.066666666666666,2.966666666666667,16.4
20.0,-41.0,-2.0,-0.5,2.0,19.0,3.0,16.5
20.333333333333332,-40.733333333333334,-2.1333333333333333,-0.5333333333333333,1.7999999999999998,18.933333333333334,3.033333333333333,16.6
20.666666666666668,-40.46666666666667,-2.2666666666666666,-0.5666666666666667,1.6,18.866666666666667,3.0666666666666664,16.7
21.0,-40.2,-2.4,-0.6,1.4,18.8,3.1,16.8
21.333333333333332,-39.93333333333334,-2.533333333333333,-0.6333333333333333,1.2000000000000002,18.733333333333334,3.1333333333333333,16.9
21.666666666666668,-39.666666666666664,-2.6666666666666665,-0.6666666666666666,1.0,18.666666666666668,3.1666666666666665,17.0
22.0,-39.4,-2.8,-0.7,0.7999999999999998,18.6,3.2,17.1
22.333333333333332,-39.13333333333333,-2.933333333333333,-0.7333333333333333,0.5999999999999996,18.533333333333335,3.2333333333333334,17.2
22.666666666666668,-38.86666666666667,-3.0666666666666664,-0.7666666666666666,0.40000000000000036,18.46666666666667,3.2666666666666666,17.3
23.0,-38.6,-3.2,-0.8,0.20000000000000018,18.4,3.3,17.4
23.333333333333336,-38.333333333333336,-3.3333333333333335,-0.8333333333333334,0.0,18.333333333333332,3.3333333333333335,17.5
23.666666666666664,-38.06666666666666,-3.466666666666667,-0.8666666666666667,-0.20000000000000018,18.266666666666666,3.3666666666666667,17.6
24.0,-37.8,-3.6,-0.9,-0.40000000000000036,18.2,3.4,17.7
24.333333333333336,-37.53333333333333,-3.7333333333333334,-0.9333333333333333,-0.5999999999999996,18.133333333333333,3.4333333333333336,17.8
24.666666666666664,-37.266666666666666,-3.8666666666666667,-0.9666666666666667,-0.7999999999999998,18.066666666666666,3.466666666666667,17.9
25.0,-37.0,-4.0,-1.0,-1.0,18.0,3.5,18.0
25.333333333333336,-36.733333333333334,-4.133333333333333,-1.0333333333333332,-1.2000000000000002,17.933333333333334,3.533333333333333,18.1
25.666666666666664,-36.46666666666667,-4.266666666666667,-1.0666666666666667,-1.4000000000000004,17.866666666666667,3.5666666666666664,18.2
26.0,-36.2,-4.4,-1.1,-1.5999999999999996,17.8,3.6,18.3
26.333333333333336,-35.93333333333334,-4.533333333333333,-1.1333333333333333,-1.7999999999999998,17.733333333333334,3.6333333333333333,18.4
26.666666666666664,-35.666666666666664,-4.666666666666667,-1.1666666666666667,-2.0,17.666666666666668,3.666666666666667,18.5
27.0,-35.4,-4.8,-1.2,-2.2,17.6,3.7,18.6
27.333333333333336,-35.13333333333333,-4.933333333333334,-1.2333333333333334,-2.4000000000000004,17.53333333333333,3.7333333333333334,18.7
27.666666666666664,-34.86666666666667,-5.066666666666666,-1.2666666666666666,-2.5999999999999996,17.46666666666667,3.7666666666666666,18.8
28.0,-34.6,-5.2,-1.3,-2.8,17.4,3.8,18.9
28.333333333333336,-34.333333333333336,-5.333333333333333,-1.3333333333333333,-3.0,17.333333333333332,3.833333333333333,19.0
28.666666666666664,-34.06666666666666,-5.466666666666667,-1.3666666666666667,-3.1999999999999993,17.266666666666666,3.8666666666666667,19.1
29.0,-33.8,-5.6,-1.4,-3.4000000000000004,17.2,3.9,19.2
29.333333333333336,-33.53333333333333,-5.733333333333333,-1.4333333333333333,-3.5999999999999996,17.133333333333333,3.9333333333333336,19.3
29.666666666666664,-33.266666666666666,-5.866666666666666,-1.4666666666666666,-3.8000000000000007,17.066666666666666,3.966666666666667,19.4
30.0,-33.0,-6.0,-1.5,-4.0,17.0,4.0,19.5
30.333333333333336,-32.733333333333334,-6.133333333333333,-1.5333333333333332,-4.199999999999999,16.933333333333334,4.033333333333333,19.6
30.666666666666664,-32.46666666666667,-6.266666666666667,-1.5666666666666667,-4.4,16.866666666666667,4.066666666666666,19.7
31.0,-32.2,-6.4,-1.6,-4.6,16.8,4.1,19.8
31.333333333333332,-31.933333333333334,-6.533333333333333,-1.6333333333333333,-4.800000000000001,16.733333333333334,4.133333333333333,19.9
31.666666666666668,-31.666666666666664,-6.666666666666667,-1.6666666666666667,-5.0,16.666666666666668,4.166666666666667,20.0
32.0,-31.4,-6.8,-1.7,-5.199999999999999,16.6,4.2,20.1
32.33333333333333,-31.133333333333333,-6.933333333333334,-1.7333333333333334,-5.4,16.53333333333333,4.233333333333333,20.2
32.66666666666667,-30.866666666666667,-7.066666666666666,-1.7666666666666666,-5.6,16.46666666666667,4.266666666666667,20.3
33.0,-30.6,-7.2,-1.8,-5.800000000000001,16.4,4.3,20.4
33.33333333333333,-30.333333333333336,-7.333333333333333,-1.8333333333333333,-6.0,16.333333333333332,4.333333333333333,20.5
33.66666666666667,-30.066666666666666,-7.466666666666667,-1.8666666666666667,-6.199999999999999,16.266666666666666,4.366666666666667,20.6
34.0,-29.8,-7.6,-1.9,-6.4,16.2,4.4,20.7
34.33333333333333,-29.53333333333333,-7.733333333333333,-1.9333333333333333,-6.6,16.133333333333333,4.433333333333334,20.8
34.66666666666667,-29.266666666666666,-7.866666666666666,-1.9666666666666666,-6.800000000000001,16.066666666666666,4.466666666666667,20.9
35.0,-29.0,-8.0,-2.0,-7.0,16.0,4.5,21.0
35.33333333333333,-28.733333333333334,-8.133333333333333,-2.033333333333333,-7.199999999999999,15.933333333333334,4.533333333333333,21.1
35.66666666666667,-28.46666666666667,-8.266666666666666,-2.0666666666666664,-7.4,15.866666666666667,4.566666666666666,21.2
36.0,-28.2,-8.4,-2.1,-7.6,15.8,4.6,21.3
36.33333333333333,-27.933333333333334,-8.533333333333333,-2.1333333333333333,-7.800000000000001,15.733333333333334,4.633333333333333,21.4
36.66666666666667,-27.666666666666668,-8.666666666666666,-2.1666666666666665,-8.0,15.666666666666668,4.666666666666666,21.5
37.0,-27.4,-8.8,-2.2,-8.2,15.6,4.7,21.6
37.33333333333333,-27.133333333333333,-8.933333333333334,-2.2333333333333334,-8.4,15.533333333333333,4.733333333333333,21.7
37.66666666666667,-26.866666666666667,-9.066666666666666,-2.2666666666666666,-8.6,15.466666666666667,4.766666666666667,21.8
38.0,-26.6,-9.2,-2.3,-8.8,15.4,4.8,21.9
38.33333333333333,-26.333333333333332,-9.333333333333334,-2.3333333333333335,-9.0,15.333333333333332,4.833333333333334,22.0
38.66666666666667,-26.066666666666666,-9.466666666666667,-2.3666666666666667,-9.2,15.266666666666666,4.866666666666667,22.1
39.0,-25.8,-9.6,-2.4,-9.4,15.2,4.9,22.2
39.33333333333333,-25.533333333333335,-9.733333333333333,-2.433333333333333,-9.6,15.133333333333333,4.933333333333334,22.3
39.66666666666667,-25.266666666666666,-9.866666666666667,-2.466666666666667,-9.8,15.066666666666666,4.966666666666667,22.4
40.0,-25.0,-10.0,-2.5,-10.0,15.0,5.0,22.5
40,-25,-10,-2.5,-10,15,5,22.5
39.8,-24.8,-10.066666666666666,-2.533333333333333,-10.066666666666666,14.933333333333334,5.066666666666666,22.6
39.6,-24.6,-10.133333333333333,-2.566666666666667,-10.133333333333333,14.866666666666667,5.133333333333334,22.7
39.4,-24.4,-10.2,-2.6,-10.2,14.8,5.2,22.8
39.2,-24.2,-10.266666666666667,-2.6333333333333333,-10.266666666666667,14.733333333333333,5.266666666666667,22.9
39.0,-24.0,-10.333333333333334,-2.6666666666666665,-10.333333333333334,14.666666666666666,5.333333333333333,23.0
38.8,-23.8,-10.4,-2.7,-10.4,14.6,5.4,23.1
38.6,-23.6,-10.466666666666667,-2.7333333333333334,-10.466666666666667,14.533333333333333,5.466666666666667,23.2
38.4,-23.4,-10.533333333333333,-2.7666666666666666,-10.533333333333333,14.466666666666667,5.533333333333333,23.3
38.2,-23.2,-10.6,-2.8,-10.6,14.4,5.6,23.4
38.0,-23.0,-10.666666666666666,-2.8333333333333335,-10.666666666666666,14.333333333333334,5.666666666666667,23.5
37.8,-22.8,-10.733333333333333,-2.8666666666666667,-10.733333333333333,14.266666666666667,5.733333333333333,23.6
37.6,-22.6,-10.8,-2.9,-10.8,14.2,5.8,23.7
37.4,-22.4,-10.866666666666667,-2.9333333333333336,-10.866666666666667,14.133333333333333,5.866666666666667,23.8
37.2,-22.2,-10.933333333333334,-2.966666666666667,-10.933333333333334,14.066666666666666,5.933333333333334,23.9
37.0,-22.0,-11.0,-3.0,-11.0,14.0,6.0,24.0
36.8,-21.8,-11.066666666666666,-3.033333333333333,-11.066666666666666,13.933333333333334,6.066666666666666,24.1
36.6,-21.6,-11.133333333333333,-3.0666666666666664,-11.133333333333333,13.866666666666667,6.133333333333333,24.2
36.4,-21.4,-11.2,-3.1,-11.2,13.8,6.2,24.3
36.2,-21.2,-11.266666666666666,-3.1333333333333333,-11.266666666666666,13.733333333333334,6.266666666666667,24.4
36.0,-21.0,-11.333333333333334,-3.1666666666666665,-11.333333333333334,13.666666666666666,6.333333333333333,24.5
35.8,-20.8,-11.4,-3.2,-11.4,13.6,6.4,24.6
35.6,-20.6,-11.466666666666667,-3.2333333333333334,-11.466666666666667,13.533333333333333,6.466666666666667,24.7
35.4,-20.4,-11.533333333333333,-3.2666666666666666,-11.533333333333333,13.466666666666667,6.533333333333333,24.8
35.2,-20.2,-11.6,-3.3,-11.6,13.4,6.6,24.9
35.0,-20.0,-11.666666666666666,-3.3333333333333335,-11.666666666666666,13.333333333333334,6.666666666666667,25.0
34.8,-19.8,-11.733333333333334,-3.3666666666666667,-11.733333333333334,13.266666666666666,6.733333333333333,25.1
34.6,-19.6,-11.8,-3.4,-11.8,13.2,6.8,25.2
34.4,-19.4,-11.866666666666667,-3.4333333333333336,-11.866666666666667,13.133333333333333,6.866666666666667,25.3
34.2,-19.2,-11.933333333333334,-3.466666666666667,-11.933333333333334,13.066666666666666,6.933333333333334,25.4
34.0,-19.0,-12.0,-3.5,-12.0,13.0,7.0,25.5
33.8,-18.8,-12.066666666666666,-3.533333333333333,-12.066666666666666,12.933333333333334,7.066666666666666,25.6
33.6,-18.6,-12.133333333333333,-3.5666666666666664,-12.133333333333333,12.866666666666667,7.133333333333333,25.7
33.4,-18.4,-12.2,-3.6,-12.2,12.8,7.2,25.8
33.2,-18.2,-12.266666666666666,-3.6333333333333333,-12.266666666666666,12.733333333333334,7.266666666666667,25.9
33.0,-18.0,-12.333333333333334,-3.666666666666667,-12.333333333333334,12.666666666666666,7.333333333333334,26.0
32.8,-17.8,-12.4,-3.7,-12.4,12.6,7.4,26.1
32.6,-17.6,-12.466666666666667,-3.7333333333333334,-12.466666666666667,12.533333333333333,7.466666666666667,26.2
32.4,-17.4,-12.533333333333333,-3.7666666666666666,-12.533333333333333,12.466666666666667,7.533333333333333,26.3
32.2,-17.2,-12.6,-3.8,-12.6,12.4,7.6,26.4
32.0,-17.0,-12.666666666666666,-3.833333333333333,-12.666666666666666,12.333333333333334,7.666666666666666,26.5
31.8,-16.799999999999997,-12.733333333333334,-3.8666666666666667,-12.733333333333334,12.266666666666666,7.733333333333333,26.6
31.6,-16.6,-12.8,-3.9,-12.8,12.2,7.8,26.7
31.4,-16.4,-12.866666666666667,-3.9333333333333336,-12.866666666666667,12.133333333333333,7.866666666666667,26.8
31.2,-16.2,-12.933333333333334,-3.966666666666667,-12.933333333333334,12.066666666666666,7.933333333333334,26.9
31.0,-16.0,-13.0,-4.0,-13.0,12.0,8.0,27.0
30.8,-15.799999999999999,-13.066666666666666,-4.033333333333333,-13.066666666666666,11.933333333333334,8.066666666666666,27.1
30.6,-15.6,-13.133333333333333,-4.066666666666666,-13.133333333333333,11.866666666666667,8.133333333333333,27.2
30.4,-15.399999999999999,-13.2,-4.1,-13.2,11.8,8.2,27.3
30.2,-15.2,-13.266666666666666,-4.133333333333333,-13.266666666666666,11.733333333333334,8.266666666666666,27.4
30.0,-15.0,-13.333333333333334,-4.166666666666667,-13.333333333333334,11.666666666666666,8.333333333333334,27.5
29.8,-14.799999999999999,-13.4,-4.2,-13.4,11.6,8.4,27.6
29.6,-14.6,-13.466666666666667,-4.233333333333333,-13.466666666666667,11.533333333333333,8.466666666666667,27.7
29.4,-14.399999999999999,-13.533333333333333,-4.266666666666667,-13.533333333333333,11.466666666666667,8.533333333333333,27.8
29.2,-14.2,-13.6,-4.3,-13.6,11.4,8.6,27.9
29.0,-14.0,-13.666666666666666,-4.333333333333333,-13.666666666666666,11.333333333333334,8.666666666666666,28.0
28.8,-13.799999999999999,-13.733333333333334,-4.366666666666667,-13.733333333333334,11.266666666666666,8.733333333333334,28.1
28.6,-13.6,-13.8,-4.4,-13.8,11.2,8.8,28.2
28.4,-13.399999999999999,-13.866666666666667,-4.433333333333334,-13.866666666666667,11.133333333333333,8.866666666666667,28.3
28.2,-13.2,-13.933333333333334,-4.466666666666667,-13.933333333333334,11.066666666666666,8.933333333333334,28.4
28.0,-13.0,-14.0,-4.5,-14.0,11.0,9.0,28.5
27.8,-12.799999999999999,-14.066666666666666,-4.533333333333333,-14.066666666666666,10.933333333333334,9.066666666666666,28.6
27.6,-12.6,-14.133333333333333,-4.566666666666666,-14.133333333333333,10.866666666666667,9.133333333333333,28.7
27.4,-12.399999999999999,-14.2,-4.6,-14.2,10.8,9.2,28.8
27.2,-12.2,-14.266666666666666,-4.633333333333333,-14.266666666666666,10.733333333333334,9.266666666666666,28.9
27.0,-12.0,-14.333333333333332,-4.666666666666666,-14.333333333333332,10.666666666666668,9.333333333333332,29.0
26.8,-11.799999999999999,-14.4,-4.7,-14.4,10.6,9.4,29.1
26.6,-11.6,-14.466666666666667,-4.733333333333333,-14.466666666666667,10.533333333333333,9.466666666666667,29.2
26.4,-11.399999999999999,-14.533333333333333,-4.766666666666667,-14.533333333333333,10.466666666666667,9.533333333333333,29.3
26.2,-11.2,-14.6,-4.8,-14.6,10.4,9.6,29.4
26.0,-11.0,-14.666666666666668,-4.833333333333334,-14.666666666666668,10.333333333333332,9.666666666666668,29.5
25.8,-10.799999999999999,-14.733333333333334,-4.866666666666667,-14.733333333333334,10.266666666666666,9.733333333333334,29.6
25.6,-10.6,-14.8,-4.9,-14.8,10.2,9.8,29.7
25.4,-10.399999999999999,-14.866666666666667,-4.933333333333334,-14.866666666666667,10.133333333333333,9.866666666666667,29.8
25.2,-10.2,-14.933333333333334,-4.966666666666667,-14.933333333333334,10.066666666666666,9.933333333333334,29.9
25.0,-10.0,-15.0,-5.0,-15.0,10.0,10.0,30.0
25,-10,-15,-5,-15,10,10,30
24.866666666666667,-9.933333333333334,-15.0,-5.0,-14.933333333333334,9.933333333333334,10.0,29.966666666666665
24.733333333333334,-9.866666666666667,-15.0,-5.0,-14.866666666666667,9.866666666666667,10.0,29.933333333333334
24.6,-9.8,-15.0,-5.0,-14.8,9.8,10.0,29.9
24.466666666666665,-9.733333333333333,-15.0,-5.0,-14.733333333333333,9.733333333333333,10.0,29.866666666666667
24.333333333333332,-9.666666666666666,-15.0,-5.0,-14.666666666666666,9.666666666666666,10.0,29.833333333333332
24.2,-9.6,-15.0,-5.0,-14.6,9.6,10.0,29.8
24.066666666666666,-9.533333333333333,-15.0,-5.0,-14.533333333333333,9.533333333333333,10.0,29.766666666666666
23.933333333333334,-9.466666666666667,-15.0,-5.0,-14.466666666666667,9.466666666666667,10.0,29.733333333333334
23.8,-9.4,-15.0,-5.0,-14.4,9.4,10.0,29.7
23.666666666666668,-9.333333333333334,-15.0,-5.0,-14.333333333333334,9.333333333333334,10.0,29.666666666666668
23.533333333333335,-9.266666666666667,-15.0,-5.0,-14.266666666666667,9.266666666666667,10.0,29.633333333333333
23.4,-9.2,-15.0,-5.0,-14.2,9.2,10.0,29.6
23.266666666666666,-9.133333333333333,-15.0,-5.0,-14.133333333333333,9.133333333333333,10.0,29.566666666666666
23.133333333333333,-9.066666666666666,-15.0,-5.0,-14.066666666666666,9.066666666666666,10.0,29.533333333333335
23.0,-9.0,-15.0,-5.0,-14.0,9.0,10.0,29.5
22.866666666666667,-8.933333333333334,-15.0,-5.0,-13.933333333333334,8.933333333333334,10.0,29.466666666666665
22.733333333333334,-8.866666666666667,-15.0,-5.0,-13.866666666666667,8.866666666666667,10.0,29.433333333333334
22.6,-8.8,-15.0,-5.0,-13.8,8.8,10.0,29.4
22.46666666666667,-8.733333333333334,-15.0,-5.0,-13.733333333333334,8.733333333333334,10.0,29.366666666666667
22.333333333333332,-8.666666666666666,-15.0,-5.0,-13.666666666666666,8.666666666666666,10.0,29.333333333333332
22.2,-8.6,-15.0,-5.0,-13.6,8.6,10.0,29.3
22.066666666666666,-8.533333333333333,-15.0,-5.0,-13.533333333333333,8.533333333333333,10.0,29.266666666666666
21.933333333333334,-8.466666666666667,-15.0,-5.0,-13.466666666666667,8.466666666666667,10.0,29.233333333333334
21.8,-8.4,-15.0,-5.0,-13.4,8.4,10.0,29.2
21.666666666666668,-8.333333333333334,-15.0,-5.0,-13.333333333333334,8.333333333333334,10.0,29.166666666666668
21.53333333333333,-8.266666666666666,-15.0,-5.0,-13.266666666666666,8.266666666666666,10.0,29.133333333333333
21.4,-8.2,-15.0,-5.0,-13.2,8.2,10.0,29.1
21.266666666666666,-8.133333333333333,-15.0,-5.0,-13.133333333333333,8.133333333333333,10.0,29.066666666666666
21.133333333333333,-8.066666666666666,-15.0,-5.0,-13.066666666666666,8.066666666666666,10.0,29.033333333333335
21.0,-8.0,-15.0,-5.0,-13.0,8.0,10.0,29.0
20.866666666666667,-7.933333333333334,-15.0,-5.0,-12.933333333333334,7.933333333333334,10.0,28.96666666666667
20.733333333333334,-7.866666666666667,-15.0,-5.0,-12.866666666666667,7.866666666666667,10.0,28.933333333333334
20.6,-7.8,-15.0,-5.0,-12.8,7.8,10.0,28.9
20.46666666666667,-7.733333333333333,-15.0,-5.0,-12.733333333333334,7.733333333333333,10.0,28.866666666666667
20.333333333333332,-7.666666666666666,-15.0,-5.0,-12.666666666666666,7.666666666666666,10.0,28.833333333333332
20.2,-7.6,-15.0,-5.0,-12.6,7.6,10.0,28.8
20.066666666666666,-7.533333333333333,-15.0,-5.0,-12.533333333333333,7.533333333333333,10.0,28.766666666666666
19.933333333333334,-7.466666666666667,-15.0,-5.0,-12.466666666666667,7.466666666666667,10.0,28.733333333333334
19.8,-7.4,-15.0,-5.0,-12.4,7.4,10.0,28.7
19.666666666666668,-7.333333333333334,-15.0,-5.0,-12.333333333333334,7.333333333333334,10.0,28.666666666666668
19.53333333333333,-7.266666666666667,-15.0,-5.0,-12.266666666666666,7.266666666666667,10.0,28.633333333333333
19.4,-7.2,-15.0,-5.0,-12.2,7.2,10.0,28.6
19.266666666666666,-7.133333333333333,-15.0,-5.0,-12.133333333333333,7.133333333333333,10.0,28.566666666666666
19.133333333333333,-7.066666666666666,-15.0,-5.0,-12.066666666666666,7.066666666666666,10.0,28.533333333333335
19.0,-7.0,-15.0,-5.0,-12.0,7.0,10.0,28.5
18.866666666666667,-6.933333333333334,-15.0,-5.0,-11.933333333333334,6.933333333333334,10.0,28.46666666666667
18.733333333333334,-6.866666666666667,-15.0,-5.0,-11.866666666666667,6.866666666666667,10.0,28.433333333333334
18.6,-6.8,-15.0,-5.0,-11.8,6.8,10.0,28.4
18.46666666666667,-6.733333333333333,-15.0,-5.0,-11.733333333333334,6.733333333333333,10.0,28.366666666666667
18.333333333333332,-6.666666666666666,-15.0,-5.0,-11.666666666666666,6.666666666666666,10.0,28.333333333333332
18.2,-6.6,-15.0,-5.0,-11.6,6.6,10.0,28.3
18.066666666666666,-6.533333333333333,-15.0,-5.0,-11.533333333333333,6.533333333333333,10.0,28.266666666666666
17.933333333333334,-6.466666666666667,-15.0,-5.0,-11.466666666666667,6.466666666666667,10.0,28.233333333333334
17.8,-6.4,-15.0,-5.0,-11.4,6.4,10.0,28.2
17.666666666666668,-6.333333333333334,-15.0,-5.0,-11.333333333333334,6.333333333333334,10.0,28.166666666666668
17.53333333333333,-6.266666666666667,-15.0,-5.0,-11.266666666666666,6.266666666666667,10.0,28.133333333333333
17.4,-6.2,-15.0,-5.0,-11.2,6.2,10.0,28.1
17.266666666666666,-6.133333333333333,-15.0,-5.0,-11.133333333333333,6.133333333333333,10.0,28.066666666666666
17.133333333333333,-6.066666666666666,-15.0,-5.0,-11.066666666666666,6.066666666666666,10.0,28.033333333333335
17.0,-6.0,-15.0,-5.0,-11.0,6.0,10.0,28.0
16.866666666666667,-5.933333333333334,-15.0,-5.0,-10.933333333333334,5.933333333333334,10.0,27.96666666666667
16.733333333333334,-5.866666666666667,-15.0,-5.0,-10.866666666666667,5.866666666666667,10.0,27.933333333333334
16.6,-5.8,-15.0,-5.0,-10.8,5.8,10.0,27.9
16.46666666666667,-5.733333333333333,-15.0,-5.0,-10.733333333333334,5.733333333333333,10.0,27.866666666666667
16.333333333333336,-5.666666666666667,-15.0,-5.0,-10.666666666666668,5.666666666666667,10.0,27.833333333333332
16.2,-5.6,-15.0,-5.0,-10.6,5.6,10.0,27.8
16.066666666666666,-5.533333333333333,-15.0,-5.0,-10.533333333333333,5.533333333333333,10.0,27.766666666666666
15.933333333333334,-5.466666666666667,-15.0,-5.0,-10.466666666666667,5.466666666666667,10.0,27.733333333333334
15.8,-5.4,-15.0,-5.0,-10.4,5.4,10.0,27.7
15.666666666666666,-5.333333333333333,-15.0,-5.0,-10.333333333333332,5.333333333333333,10.0,27.666666666666668
15.533333333333333,-5.266666666666667,-15.0,-5.0,-10.266666666666666,5.266666666666667,10.0,27.633333333333333
15.4,-5.2,-15.0,-5.0,-10.2,5.2,10.0,27.6
15.266666666666667,-5.133333333333334,-15.0,-5.0,-10.133333333333333,5.133333333333334,10.0,27.566666666666666
15.133333333333333,-5.066666666666666,-15.0,-5.0,-10.066666666666666,5.066666666666666,10.0,27.53333333333333
15.0,-5.0,-15.0,-5.0,-10.0,5.0,10.0,27.5